health.go.ug,216.97.235.20,,
mlhud.go.ug,62.138.0.174,,
opm.go.ug,173.212.243.254,,
portal.defence.go.ug,154.72.196.195,,
www.agago.go.ug,173.212.243.254,,
www.agriculture.go.ug,213.136.77.38,,
www.alebtong.go.ug,213.136.77.38,,
www.amolatar.go.ug,173.212.243.254,,
www.amudat.go.ug,173.212.243.254,,
www.amuria.go.ug,173.212.243.254,,
www.amuru.go.ug,173.212.243.254,,
www.arua.go.ug,173.212.243.254,,
www.budaka.go.ug,213.136.77.38,,
www.buhweju.go.ug,173.212.243.254,,
www.buikwe.go.ug,213.136.77.38,,
www.bukomansimbi.go.ug,173.212.243.254,,
www.bulambuli.go.ug,173.212.243.254,,
www.bundibugyo.go.ug,173.212.243.254,,
www.bushenyi.go.ug,173.212.243.254,,
www.butambala.go.ug,173.212.243.254,,
www.buvuma.go.ug,173.212.243.254,,
www.buyende.go.ug,158.85.53.149,,
www.caa.co.ug,77.104.152.244,,
www.chamberuganda.com,205.186.179.101,,
www.dda.or.ug,50.22.208.143,,
www.defence.go.ug,154.72.196.195,,
www.ec.or.ug,154.72.195.154,,
www.education.go.ug,158.85.53.149,,
www.energyandminerals.go.ug,196.0.3.82,,
www.energyandminerals.go.ug,196.0.242.42,,
www.era.or.ug,192.252.154.47,,
www.finance.go.ug,213.136.77.38,,
www.gomba.go.ug,173.212.243.254,,
www.gulu.go.ug,173.212.243.254,,
www.health.go.ug,216.97.235.20,,
www.icpau.co.ug,192.232.204.236,,
www.ict.go.ug,213.136.77.38,,
www.iganga.go.ug,173.212.243.254,,
www.igg.go.ug,209.85.52.66,,
www.jinja.go.ug,173.212.243.254,,
www.jlos.go.ug,213.136.77.38,,
www.jsc.go.ug,158.85.53.149,,
www.justice.go.ug,213.136.77.38,,
www.kabarole.go.ug,204.11.58.33,,
www.kalangala.go.ug,173.212.243.254,,
www.kalungu.go.ug,158.85.53.149,,
www.kamwenge.go.ug,192.185.166.200,,
www.kapchorwa.go.ug,173.212.243.254,,
www.kayunga.go.ug,173.212.243.254,,
www.kcca.go.ug,158.85.53.149,,
www.kiboga.go.ug,173.212.243.254,,
www.kibuku.go.ug,173.212.243.254,,
www.kitgum.go.ug,173.212.243.254,,
www.koboko.go.ug,173.212.243.254,,
www.kole.go.ug,173.212.243.254,,
www.kumi.go.ug,213.136.77.38,,
www.kween.go.ug,213.136.77.38,,
www.kyankwanzi.go.ug,158.85.53.149,,
www.kyenjojo.go.ug,204.11.58.33,,
www.luuka.go.ug,158.85.53.149,,
www.lwengo.go.ug,173.212.243.254,,
www.lyantonde.go.ug,173.212.243.254,,
www.masaka.go.ug,213.136.77.38,,
www.mayuge.go.ug,173.212.243.254,,
www.mbarara.go.ug,213.136.77.38,,
www.meaca.go.ug,213.136.77.38,,
www.mglsd.go.ug,5.9.151.10,,
www.mia.go.ug,213.136.77.38,,
www.mlhud.go.ug,62.138.0.174,,
www.molg.go.ug,213.136.77.38,,
www.moyo.go.ug,173.212.243.254,,
www.mtic.go.ug,46.249.199.38,,
www.mubende.go.ug,213.136.77.38,,
www.mukono.go.ug,173.212.243.254,,
www.mwe.go.ug,213.136.77.38,,
www.naads.or.ug,158.85.53.149,,
www.nakaseke.go.ug,173.212.243.254,,
www.nakasongola.go.ug,173.212.243.254,,
www.namayingo.go.ug,107.161.178.70,,
www.napak.go.ug,158.85.53.149,,
www.naro.go.ug,158.85.53.149,,
www.ncs.ug,192.185.4.103,,
www.nda.or.ug,213.136.77.38,,
www.nebbi.go.ug,192.185.166.201,,
www.nfa.org.ug,212.1.212.92,,
www.ngora.go.ug,173.212.243.254,,
www.nita.go.ug,213.136.77.38,,
www.nms.go.ug,198.23.48.180,,
www.npa.ug,69.64.37.162,,
www.nssfug.org,192.232.202.163,,
www.ntoroko.go.ug,213.136.77.38,,
www.nwoya.go.ug,173.212.243.254,,
www.oag.go.ug,154.72.195.90,,
www.officeofthepresident.go.ug,192.185.36.1,,
www.opm.go.ug,173.212.243.254,,
www.otuke.go.ug,173.212.243.254,,
www.oyam.go.ug,173.212.243.254,,
www.pader.go.ug,173.212.243.254,,
www.perds.go.ug,197.157.32.156,,
www.popsec.org,206.72.193.228,,
www.ppda.go.ug,192.232.239.235,,
www.psc.go.ug,213.136.77.38,,
www.psfuganda.org,46.30.213.197,,
www.publicservice.go.ug,107.180.27.127,,
www.rakai.go.ug,213.136.77.38,,
www.roadfund.ug,50.22.208.143,,
www.rubirizi.go.ug,173.212.243.254,,
www.serere.go.ug,173.212.243.254,,
www.sheema.go.ug,173.212.243.254,,
www.soroti.go.ug,173.212.243.254,,
www.statehouse.go.ug,108.168.162.194,,
www.tourism.go.ug,185.230.60.177,www.tourism.go.ug,185.230.60.161
www.ucc.co.ug,108.168.162.194,,
www.uegcl.com,184.107.137.154,,
www.uetcl.com,69.64.37.162,,
www.ugandaexportsonline.com,68.178.213.61,,
www.ugandainvest.go.ug,213.136.77.38,,
www.uhrc.ug,184.107.137.154,,
www.uia.co.ug,85.25.214.224,,
www.uma.or.ug,185.52.3.78,,
www.unbs.go.ug,67.210.114.155,,
www.uncst.go.ug,158.85.53.149,,
www.uneb.ac.ug,192.185.169.43,,
www.unra.go.ug,46.101.85.217,,
www.updfmil.go.ug,104.24.108.139,,
www.ura.go.ug,196.10.228.59,,
www.ursb.go.ug,69.73.183.147,,
www.wakiso.go.ug,50.22.208.143,,
www.works.go.ug,213.136.77.38,,
www.yumbe.go.ug,173.212.243.254,,
www.zombo.go.ug,173.212.243.254,,
